{
  "Total" : {
    "transaction" : "Total",
    "sampleCount" : 9999,
    "errorCount" : 13,
    "errorPct" : 0.130013,
    "meanResTime" : 632.8611861186087,
    "medianResTime" : 311.0,
    "minResTime" : 262.0,
    "maxResTime" : 8399.0,
    "pct1ResTime" : 1246.0,
    "pct2ResTime" : 1255.0,
    "pct3ResTime" : 2095.0,
    "throughput" : 8.274413616412781,
    "receivedKBytesPerSec" : 6.935254940008639,
    "sentKBytesPerSec" : 2.5756970895045943
  },
  "Create Booking" : {
    "transaction" : "Create Booking",
    "sampleCount" : 3333,
    "errorCount" : 0,
    "errorPct" : 0.0,
    "meanResTime" : 316.42034203420445,
    "medianResTime" : 309.0,
    "minResTime" : 262.0,
    "maxResTime" : 6310.0,
    "pct1ResTime" : 312.0,
    "pct2ResTime" : 315.0,
    "pct3ResTime" : 894.5199999999822,
    "throughput" : 2.771949171783503,
    "receivedKBytesPerSec" : 2.4802773851612145,
    "sentKBytesPerSec" : 1.1598128913517347
  },
  "Login" : {
    "transaction" : "Login",
    "sampleCount" : 3333,
    "errorCount" : 3,
    "errorPct" : 0.090009004,
    "meanResTime" : 1264.5172517251772,
    "medianResTime" : 1239.0,
    "minResTime" : 1047.0,
    "maxResTime" : 8399.0,
    "pct1ResTime" : 1260.0,
    "pct2ResTime" : 1552.0,
    "pct3ResTime" : 2459.9399999999987,
    "throughput" : 2.768274724480668,
    "receivedKBytesPerSec" : 2.0855507160408773,
    "sentKBytesPerSec" : 0.80831459240207
  },
  "Search Booking" : {
    "transaction" : "Search Booking",
    "sampleCount" : 3333,
    "errorCount" : 10,
    "errorPct" : 0.30003,
    "meanResTime" : 317.64596459645963,
    "medianResTime" : 310.0,
    "minResTime" : 262.0,
    "maxResTime" : 7320.0,
    "pct1ResTime" : 313.0,
    "pct2ResTime" : 315.0,
    "pct3ResTime" : 630.3199999999997,
    "throughput" : 2.770573566084788,
    "receivedKBytesPerSec" : 2.400194987790939,
    "sentKBytesPerSec" : 0.6190870480049875
  }
}