{
  "Total" : {
    "transaction" : "Total",
    "sampleCount" : 4998,
    "errorCount" : 6,
    "errorPct" : 0.12004802,
    "meanResTime" : 758.0046018407348,
    "medianResTime" : 322.0,
    "minResTime" : 262.0,
    "maxResTime" : 10242.0,
    "pct1ResTime" : 1609.300000000001,
    "pct2ResTime" : 2171.05,
    "pct3ResTime" : 3320.0700000000015,
    "throughput" : 8.218948310083588,
    "receivedKBytesPerSec" : 6.8922244949285245,
    "sentKBytesPerSec" : 2.5581692448861797
  },
  "Create Booking" : {
    "transaction" : "Create Booking",
    "sampleCount" : 1666,
    "errorCount" : 2,
    "errorPct" : 0.12004802,
    "meanResTime" : 357.8319327731091,
    "medianResTime" : 311.0,
    "minResTime" : 262.0,
    "maxResTime" : 6341.0,
    "pct1ResTime" : 342.0,
    "pct2ResTime" : 948.2999999999997,
    "pct3ResTime" : 1188.6499999999996,
    "throughput" : 2.7675062210749086,
    "receivedKBytesPerSec" : 2.478451598645982,
    "sentKBytesPerSec" : 1.1577287901006004
  },
  "Login" : {
    "transaction" : "Login",
    "sampleCount" : 1666,
    "errorCount" : 0,
    "errorPct" : 0.0,
    "meanResTime" : 1558.4801920768286,
    "medianResTime" : 1295.0,
    "minResTime" : 1050.0,
    "maxResTime" : 10242.0,
    "pct1ResTime" : 2427.6,
    "pct2ResTime" : 2757.199999999999,
    "pct3ResTime" : 4171.519999999982,
    "throughput" : 2.768071803716128,
    "receivedKBytesPerSec" : 2.084543118616695,
    "sentKBytesPerSec" : 0.8082553411241428
  },
  "Search Booking" : {
    "transaction" : "Search Booking",
    "sampleCount" : 1666,
    "errorCount" : 4,
    "errorPct" : 0.24009603,
    "meanResTime" : 357.70168067226956,
    "medianResTime" : 312.0,
    "minResTime" : 263.0,
    "maxResTime" : 4337.0,
    "pct1ResTime" : 344.0,
    "pct2ResTime" : 927.549999999999,
    "pct3ResTime" : 1165.5599999999977,
    "throughput" : 2.7642780936768383,
    "receivedKBytesPerSec" : 2.3969367648571653,
    "sentKBytesPerSec" : 0.6176404699397202
  }
}