{
  "Total" : {
    "transaction" : "Total",
    "sampleCount" : 2499,
    "errorCount" : 0,
    "errorPct" : 0.0,
    "meanResTime" : 612.6338535414153,
    "medianResTime" : 306.0,
    "minResTime" : 298.0,
    "maxResTime" : 3073.0,
    "pct1ResTime" : 1221.0,
    "pct2ResTime" : 1227.0,
    "pct3ResTime" : 1236.0,
    "throughput" : 8.115612567995454,
    "receivedKBytesPerSec" : 6.8088661758139155,
    "sentKBytesPerSec" : 2.5266653811804822
  },
  "Create Booking" : {
    "transaction" : "Create Booking",
    "sampleCount" : 833,
    "errorCount" : 0,
    "errorPct" : 0.0,
    "meanResTime" : 305.15006002400986,
    "medianResTime" : 303.0,
    "minResTime" : 298.0,
    "maxResTime" : 1094.0,
    "pct1ResTime" : 306.0,
    "pct2ResTime" : 309.0,
    "pct3ResTime" : 318.65999999999997,
    "throughput" : 2.786726750235015,
    "receivedKBytesPerSec" : 2.496626754876772,
    "sentKBytesPerSec" : 1.1659016131568296
  },
  "Login" : {
    "transaction" : "Login",
    "sampleCount" : 833,
    "errorCount" : 0,
    "errorPct" : 0.0,
    "meanResTime" : 1225.6986794717886,
    "medianResTime" : 1217.0,
    "minResTime" : 1192.0,
    "maxResTime" : 3073.0,
    "pct1ResTime" : 1229.0,
    "pct2ResTime" : 1232.0,
    "pct3ResTime" : 1388.8399999999992,
    "throughput" : 2.755003158497018,
    "receivedKBytesPerSec" : 2.076413355067982,
    "sentKBytesPerSec" : 0.8044393988189537
  },
  "Search Booking" : {
    "transaction" : "Search Booking",
    "sampleCount" : 833,
    "errorCount" : 0,
    "errorPct" : 0.0,
    "meanResTime" : 307.0528211284512,
    "medianResTime" : 305.0,
    "minResTime" : 298.0,
    "maxResTime" : 1046.0,
    "pct1ResTime" : 308.0,
    "pct2ResTime" : 310.0,
    "pct3ResTime" : 319.0,
    "throughput" : 2.752363298738803,
    "receivedKBytesPerSec" : 2.387299055589148,
    "sentKBytesPerSec" : 0.6155187455187362
  }
}